DATE ADDED TO CATALOG	PUBMEDID	FIRST AUTHOR	DATE	JOURNAL	LINK	STUDY	DISEASE/TRAIT	INITIAL SAMPLE SIZE	REPLICATION SAMPLE SIZE	REGION	CHR_ID	CHR_POS	REPORTED GENE(S)	MAPPED_GENE	UPSTREAM_GENE_ID	DOWNSTREAM_GENE_ID	SNP_GENE_IDS	UPSTREAM_GENE_DISTANCE	DOWNSTREAM_GENE_DISTANCE	STRONGEST SNP-RISK ALLELE	SNPS	MERGED	SNP_ID_CURRENT	CONTEXT	INTERGENIC	RISK ALLELE FREQUENCY	P-VALUE	PVALUE_MLOG	P-VALUE (TEXT)	OR or BETA	95% CI (TEXT)	PLATFORM [SNPS PASSING QC]	CNV
2012-07-11	22561518	Jin Y	2012-05-06	Nat Genet	www.ncbi.nlm.nih.gov/pubmed/22561518	Genome-wide association analyses identify 13 new susceptibility loci for generalized vitiligo.	Vitiligo	418 European ancestry cases, 2,810 European ancestry controls	1,377 European ancestry cases, 1,284 European ancestry controls	2q24.2	2	162254026	IFIH1	LOC105373724 - IFIH1	105373724	64135		3758	13053	rs2111485-G	rs2111485	0	2111485	intergenic_variant	1	0.62	5E-15	14.301029995663981		1.3	[NR]	Illumina [495821]	N
2012-07-11	22561518	Jin Y	2012-05-06	Nat Genet	www.ncbi.nlm.nih.gov/pubmed/22561518	Genome-wide association analyses identify 13 new susceptibility loci for generalized vitiligo.	Vitiligo	418 European ancestry cases, 2,810 European ancestry controls	1,377 European ancestry cases, 1,284 European ancestry controls	3q13.33	3	119569567	CD80	LOC107986118 - ADPRH	107986118	141		7295	9866	rs59374417-C	rs59374417	0	59374417	intergenic_variant	1	0.13	4E-10	9.397940008672037		1.34	[NR]	Illumina [495821]	N
2012-07-11	22561518	Jin Y	2012-05-06	Nat Genet	www.ncbi.nlm.nih.gov/pubmed/22561518	Genome-wide association analyses identify 13 new susceptibility loci for generalized vitiligo.	Vitiligo	418 European ancestry cases, 2,810 European ancestry controls	1,377 European ancestry cases, 1,284 European ancestry controls	4p16.1	4	10725229	CLNK	CLNK			116449			rs16872571-C	rs16872571	0	16872571	intergenic_variant	0	0.56	2E-8	7.698970004336019		1.21	[NR]	Illumina [495821]	N
2012-07-11	22561518	Jin Y	2012-05-06	Nat Genet	www.ncbi.nlm.nih.gov/pubmed/22561518	Genome-wide association analyses identify 13 new susceptibility loci for generalized vitiligo.	Vitiligo	418 European ancestry cases, 2,810 European ancestry controls	1,377 European ancestry cases, 1,284 European ancestry controls	6q15	6	90247744	BACH2	BACH2			60468			rs3757247-A	rs3757247	0	3757247	intron_variant	0	0.47	3E-8	7.522878745280337		1.2	[NR]	Illumina [495821]	N
2012-07-11	22561518	Jin Y	2012-05-06	Nat Genet	www.ncbi.nlm.nih.gov/pubmed/22561518	Genome-wide association analyses identify 13 new susceptibility loci for generalized vitiligo.	Vitiligo	418 European ancestry cases, 2,810 European ancestry controls	1,377 European ancestry cases, 1,284 European ancestry controls	8q24.22	8	132917672	SLA	TG			7038			rs853308-G	rs853308	0	853308	intron_variant	0	0.48	2E-8	7.698970004336019		1.2	[NR]	Illumina [495821]	N
2012-07-11	22561518	Jin Y	2012-05-06	Nat Genet	www.ncbi.nlm.nih.gov/pubmed/22561518	Genome-wide association analyses identify 13 new susceptibility loci for generalized vitiligo.	Vitiligo	418 European ancestry cases, 2,810 European ancestry controls	1,377 European ancestry cases, 1,284 European ancestry controls	10q25.3	10	113721259	CASP7	CASP7			840			rs3814231-G	rs3814231	0	3814231	intron_variant	0	0.75	4E-8	7.3979400086720375		1.23	[NR]	Illumina [495821]	N
2012-07-11	22561518	Jin Y	2012-05-06	Nat Genet	www.ncbi.nlm.nih.gov/pubmed/22561518	Genome-wide association analyses identify 13 new susceptibility loci for generalized vitiligo.	Vitiligo	418 European ancestry cases, 2,810 European ancestry controls	1,377 European ancestry cases, 1,284 European ancestry controls	11p13	11	35259305	CD44	SLC1A2			6506			rs10768122-G	rs10768122	0	10768122	3_prime_UTR_variant	0	0.41	2E-9	8.698970004336019		1.22	[NR]	Illumina [495821]	N
2012-07-11	22561518	Jin Y	2012-05-06	Nat Genet	www.ncbi.nlm.nih.gov/pubmed/22561518	Genome-wide association analyses identify 13 new susceptibility loci for generalized vitiligo.	Vitiligo	418 European ancestry cases, 2,810 European ancestry controls	1,377 European ancestry cases, 1,284 European ancestry controls	11q21	11	95578258	TYR	LOC105369440 - LOC105369441	105369440	105369441		59266	33424	rs4409785-C	rs4409785	0	4409785	intergenic_variant	1	0.19	2E-13	12.698970004336019		1.34	[NR]	Illumina [495821]	N
2012-07-11	22561518	Jin Y	2012-05-06	Nat Genet	www.ncbi.nlm.nih.gov/pubmed/22561518	Genome-wide association analyses identify 13 new susceptibility loci for generalized vitiligo.	Vitiligo	418 European ancestry cases, 2,810 European ancestry controls	1,377 European ancestry cases, 1,284 European ancestry controls	12q13.2	12	56023144	IKZF4	LOC105369780, IKZF4, LOC105369781			105369780, 64375, 105369781			rs2456973-C	rs2456973	0	2456973	intron_variant	0	0.35	3E-14	13.522878745280337		1.29	[NR]	Illumina [495821]	N
2012-07-11	22561518	Jin Y	2012-05-06	Nat Genet	www.ncbi.nlm.nih.gov/pubmed/22561518	Genome-wide association analyses identify 13 new susceptibility loci for generalized vitiligo.	Vitiligo	418 European ancestry cases, 2,810 European ancestry controls	1,377 European ancestry cases, 1,284 European ancestry controls	12q24.12	12	111466567	SH2B3	ATXN2			6311			rs4766578-T	rs4766578	0	4766578	intron_variant	0	0.52	4E-18	17.397940008672037		1.32	[NR]	Illumina [495821]	N
2012-07-11	22561518	Jin Y	2012-05-06	Nat Genet	www.ncbi.nlm.nih.gov/pubmed/22561518	Genome-wide association analyses identify 13 new susceptibility loci for generalized vitiligo.	Vitiligo	418 European ancestry cases, 2,810 European ancestry controls	1,377 European ancestry cases, 1,284 European ancestry controls	15q13.1	15	28111713	HERC2, OCA2	HERC2			8924			rs1129038-C	rs1129038	0	1129038	3_prime_UTR_variant	0	0.27	4E-8	7.3979400086720375		1.22	[NR]	Illumina [495821]	N
2012-07-11	22561518	Jin Y	2012-05-06	Nat Genet	www.ncbi.nlm.nih.gov/pubmed/22561518	Genome-wide association analyses identify 13 new susceptibility loci for generalized vitiligo.	Vitiligo	418 European ancestry cases, 2,810 European ancestry controls	1,377 European ancestry cases, 1,284 European ancestry controls	16q24.3	16	89751681	MC1R	FANCA			2175			rs9926296-A	rs9926296	0	9926296	intron_variant	0	0.54	2E-13	12.698970004336019		1.27	[NR]	Illumina [495821]	N
2012-07-11	22561518	Jin Y	2012-05-06	Nat Genet	www.ncbi.nlm.nih.gov/pubmed/22561518	Genome-wide association analyses identify 13 new susceptibility loci for generalized vitiligo.	Vitiligo	418 European ancestry cases, 2,810 European ancestry controls	1,377 European ancestry cases, 1,284 European ancestry controls	19p13.3	19	4830616	TICAM1	TICAM1			148022			rs6510827-T	rs6510827	0	6510827	intron_variant	0	0.41	9E-8	7.045757490560675		1.19	[NR]	Illumina [495821]	N
2012-07-11	22561518	Jin Y	2012-05-06	Nat Genet	www.ncbi.nlm.nih.gov/pubmed/22561518	Genome-wide association analyses identify 13 new susceptibility loci for generalized vitiligo.	Vitiligo	418 European ancestry cases, 2,810 European ancestry controls	1,377 European ancestry cases, 1,284 European ancestry controls	22q13.2	22	41361643	TOB2	ZC3H7B - TEF	23264	7008		1496	5690	rs4822024-G	rs4822024	0	4822024	downstream_gene_variant	1	0.79	7E-10	9.154901959985743		1.28	[NR]	Illumina [495821]	N
2011-04-04	21326295	Jin Y	2011-02-17	J Invest Dermatol	www.ncbi.nlm.nih.gov/pubmed/21326295	Genome-wide analysis identifies a quantitative trait locus in the MHC class II region associated with generalized vitiligo age of onset.	Vitiligo	1,339 European ancestry cases	677 European ancestry cases	6p21.32	6	32377506	BTNL2, C6orf10	LOC101929163			101929163			rs7758128-A	rs7758128	0	7758128	intergenic_variant	0	0.06	8E-11	10.096910013008056				Illumina [520460]	N
2009-12-03	19890347	Birlea SA	2009-11-05	J Invest Dermatol	www.ncbi.nlm.nih.gov/pubmed/19890347	Genome-wide association study of generalized vitiligo in an isolated European founder population identifies SMOC2, in close proximity to IDDM8.	Vitiligo	32 Romanian founder cases, 44 European ancestry controls	NA	6q27	6	168540944	SMOC2	SMOC2			64094			rs13208776-?	rs13208776	0	13208776	intron_variant	0	0.38	9E-8	7.045757490560675				Illumina [297342]	N
2009-12-03	19890347	Birlea SA	2009-11-05	J Invest Dermatol	www.ncbi.nlm.nih.gov/pubmed/19890347	Genome-wide association study of generalized vitiligo in an isolated European founder population identifies SMOC2, in close proximity to IDDM8.	Vitiligo	32 Romanian founder cases, 44 European ancestry controls	NA	21q22.11	21	32008727	HUNK	HUNK - LINC00159	30811	100551499		4663	71754	rs2833607-?	rs2833607	0	2833607	intron_variant	1	0.26	2E-6	5.698970004336019				Illumina [297342]	N
2009-12-03	19890347	Birlea SA	2009-11-05	J Invest Dermatol	www.ncbi.nlm.nih.gov/pubmed/19890347	Genome-wide association study of generalized vitiligo in an isolated European founder population identifies SMOC2, in close proximity to IDDM8.	Vitiligo	32 Romanian founder cases, 44 European ancestry controls	NA	18q21.31	18	57787145	ATP8B1	ATP8B1			5205			rs10503019-?	rs10503019	0	10503019	intron_variant	0	0.28	3E-6	5.522878745280337				Illumina [297342]	N
2009-12-03	19890347	Birlea SA	2009-11-05	J Invest Dermatol	www.ncbi.nlm.nih.gov/pubmed/19890347	Genome-wide association study of generalized vitiligo in an isolated European founder population identifies SMOC2, in close proximity to IDDM8.	Vitiligo	32 Romanian founder cases, 44 European ancestry controls	NA	2p16.3	2	47617366	KCNK12	MSH2			4436			rs6544997-?	rs6544997	0	6544997	intergenic_variant	0	0.47	7E-6	5.154901959985743				Illumina [297342]	N
2010-05-18	20410501	Jin Y	2010-04-21	N Engl J Med	www.ncbi.nlm.nih.gov/pubmed/20410501	Variant of TYR and autoimmunity susceptibility loci in generalized vitiligo.	Vitiligo	1,392 European ancestry cases, 2,629 European ancestry controls	647 European ancestry cases, 1,056 European ancestry controls, 183 European ancestry trios, 1,383 European ancestry individuals from 332 families	1p36.23	1	8466082	RERE	RERE			473			rs4908760-G	rs4908760	0	4908760	intron_variant	0	0.37	7E-15	14.154901959985743		1.36	[1.26-1.48]	Illumina [520460]	N
2010-05-18	20410501	Jin Y	2010-04-21	N Engl J Med	www.ncbi.nlm.nih.gov/pubmed/20410501	Variant of TYR and autoimmunity susceptibility loci in generalized vitiligo.	Vitiligo	1,392 European ancestry cases, 2,629 European ancestry controls	647 European ancestry cases, 1,056 European ancestry controls, 183 European ancestry trios, 1,383 European ancestry individuals from 332 families	1p13.2	1	113834946	PTPN22	PTPN22, AP4B1-AS1			26191, 100287722			rs2476601-A	rs2476601	0	2476601	missense_variant	0	0.095	1E-7	7.0		1.39	[1.23-1.57]	Illumina [520460]	N
2010-05-18	20410501	Jin Y	2010-04-21	N Engl J Med	www.ncbi.nlm.nih.gov/pubmed/20410501	Variant of TYR and autoimmunity susceptibility loci in generalized vitiligo.	Vitiligo	1,392 European ancestry cases, 2,629 European ancestry controls	647 European ancestry cases, 1,056 European ancestry controls, 183 European ancestry trios, 1,383 European ancestry individuals from 332 families	10p15.1	10	6056861	RBM17, IL2RA, PFKB3	IL2RA			3559			rs706779-A	rs706779	0	706779	intron_variant	0	0.535	3E-9	8.522878745280337		1.27	[1.17-1.37]	Illumina [520460]	N
2010-05-18	20410501	Jin Y	2010-04-21	N Engl J Med	www.ncbi.nlm.nih.gov/pubmed/20410501	Variant of TYR and autoimmunity susceptibility loci in generalized vitiligo.	Vitiligo	1,392 European ancestry cases, 2,629 European ancestry controls	647 European ancestry cases, 1,056 European ancestry controls, 183 European ancestry trios, 1,383 European ancestry individuals from 332 families	11q14.3	11	89277878	TYR	LOC107984363, TYR			107984363, 7299			rs1393350-G	rs1393350	0	1393350	intron_variant	0	0.733	2E-18	17.69897000433602		1.53	[1.39-1.68]	Illumina [520460]	N
2010-05-18	20410501	Jin Y	2010-04-21	N Engl J Med	www.ncbi.nlm.nih.gov/pubmed/20410501	Variant of TYR and autoimmunity susceptibility loci in generalized vitiligo.	Vitiligo	1,392 European ancestry cases, 2,629 European ancestry controls	647 European ancestry cases, 1,056 European ancestry controls, 183 European ancestry trios, 1,383 European ancestry individuals from 332 families	14q12	14	24632954	GZMB	GZMB			3002			rs8192917-G	rs8192917	0	8192917	missense_variant	0	0.236	3E-8	7.522878745280337		1.28	[1.17-1.39]	Illumina [520460]	N
2010-05-18	20410501	Jin Y	2010-04-21	N Engl J Med	www.ncbi.nlm.nih.gov/pubmed/20410501	Variant of TYR and autoimmunity susceptibility loci in generalized vitiligo.	Vitiligo	1,392 European ancestry cases, 2,629 European ancestry controls	647 European ancestry cases, 1,056 European ancestry controls, 183 European ancestry trios, 1,383 European ancestry individuals from 332 families	21q22.3	21	42416077	UBASH3A	UBASH3A			53347			rs11203203-A	rs11203203	0	11203203	intron_variant	0	0.373	1E-9	9.0		1.27	[1.18-1.38]	Illumina [520460]	N
2010-05-18	20410501	Jin Y	2010-04-21	N Engl J Med	www.ncbi.nlm.nih.gov/pubmed/20410501	Variant of TYR and autoimmunity susceptibility loci in generalized vitiligo.	Vitiligo	1,392 European ancestry cases, 2,629 European ancestry controls	647 European ancestry cases, 1,056 European ancestry controls, 183 European ancestry trios, 1,383 European ancestry individuals from 332 families	22q12.3	22	37185445	C1QTNF6	C1QTNF6			114904			rs229527-T	rs229527	0	229527	missense_variant	0	0.419	2E-16	15.698970004336019		1.38	[1.28-1.50]	Illumina [520460]	N
2010-05-18	20410501	Jin Y	2010-04-21	N Engl J Med	www.ncbi.nlm.nih.gov/pubmed/20410501	Variant of TYR and autoimmunity susceptibility loci in generalized vitiligo.	Vitiligo	1,392 European ancestry cases, 2,629 European ancestry controls	647 European ancestry cases, 1,056 European ancestry controls, 183 European ancestry trios, 1,383 European ancestry individuals from 332 families	3q28	3	188394766	LPP	LPP			4026			rs1464510-T	rs1464510	0	1464510	intron_variant	0	0.44	1E-11	11.0		1.31	[1.21-1.41]	Illumina [520460]	N
2010-06-22	20526339	Quan C	2010-06-06	Nat Genet	www.ncbi.nlm.nih.gov/pubmed/20526339	Genome-wide association study for vitiligo identifies susceptibility loci at 6q27 and the MHC.	Vitiligo	1,117 Han Chinese ancestry cases, 1,429 Han Chinese ancestry controls	6,623 East Asian ancestry cases, 10,740 East Asian ancestry controls	6p21.33	6	31291060	HLA	WASF5P - LOC105375015	387122	105375015		1944	1277	rs9468925-?	rs9468925	0	9468925	intron_variant	1	0.617	2E-33	32.69897000433602		1.35	[1.28-1.41]	Illumina [493909]	N
2010-06-22	20526339	Quan C	2010-06-06	Nat Genet	www.ncbi.nlm.nih.gov/pubmed/20526339	Genome-wide association study for vitiligo identifies susceptibility loci at 6q27 and the MHC.	Vitiligo	1,117 Han Chinese ancestry cases, 1,429 Han Chinese ancestry controls	6,623 East Asian ancestry cases, 10,740 East Asian ancestry controls	6q27	6	166946901	RNASET2, FGFR1OP, CCR6	RNASET2			8635			rs2236313-T	rs2236313	0	2236313	intron_variant	0	0.38	1E-16	16.0		1.2	[1.15-1.25]	Illumina [493909]	N
2010-06-22	20526339	Quan C	2010-06-06	Nat Genet	www.ncbi.nlm.nih.gov/pubmed/20526339	Genome-wide association study for vitiligo identifies susceptibility loci at 6q27 and the MHC.	Vitiligo	1,117 Han Chinese ancestry cases, 1,429 Han Chinese ancestry controls	6,623 East Asian ancestry cases, 10,740 East Asian ancestry controls	10q22.3	10	79256139	ZMIZ1	ZMIZ1			57178			rs11593576-?	rs11593576	0	11593576	intron_variant	0	0.805	8E-7	6.096910013008056		1.14	[1.09-1.20]	Illumina [493909]	N
2013-09-21	23678272	Cheong KA	2013-05-02	J Korean Med Sci	www.ncbi.nlm.nih.gov/pubmed/23678272	Three new single nucleotide polymorphisms identified by a genome-wide association study in Korean patients with vitiligo.	Vitiligo (non-segmental)	20 Korean ancestry cases, 192 Korean ancestry controls	184 Korean ancestry cases, 192 Korean ancestry controls	16q12.2	16	53605526	KIAA1005	RPGRIP1L			23322			rs3213758-A	rs3213758	0	3213758	missense_variant	0	.497	6E-11	10.221848749616356		2.77	[2.04-3.76]	Affymetrix [500568]	N
2012-11-04	22951725	Tang XF	2012-09-06	J Invest Dermatol	www.ncbi.nlm.nih.gov/pubmed/22951725	Association analyses identify three susceptibility Loci for vitiligo in the Chinese Han population.	Vitiligo	1,117 Han Chinese ancestry cases, 1,701 Han Chinese ancestry controls	5,740 Han Chinese ancestry cases, 10,324 Han Chinese ancestry controls	12q13.2	12	56007301	PMEL, DGKA, CDK2, RAB5B, ZNFN1A4, PA2G4, SUOX, RPS26, ERBB3	SUOX - IKZF4	6821	64375		1776	346	rs10876864-G	rs10876864	0	10876864	upstream_gene_variant	1	0.24	8E-12	11.096910013008056		1.18	[1.13-1.24]	Illumina [493909]	N
2012-11-04	22951725	Tang XF	2012-09-06	J Invest Dermatol	www.ncbi.nlm.nih.gov/pubmed/22951725	Association analyses identify three susceptibility Loci for vitiligo in the Chinese Han population.	Vitiligo	1,117 Han Chinese ancestry cases, 1,701 Han Chinese ancestry controls	5,740 Han Chinese ancestry cases, 10,324 Han Chinese ancestry controls	11q23.3	11	118827828	AK021715, DDX6, TREH, CXCR5, PHLDB1	DDX6 - SETP16	1656	649925		36565	5969	rs638893-C	rs638893	0	638893	intergenic_variant	1	0.11	2E-9	8.698970004336019		1.22	[1.14-1.30]	Illumina [493909]	N
2012-11-04	22951725	Tang XF	2012-09-06	J Invest Dermatol	www.ncbi.nlm.nih.gov/pubmed/22951725	Association analyses identify three susceptibility Loci for vitiligo in the Chinese Han population.	Vitiligo	1,117 Han Chinese ancestry cases, 1,701 Han Chinese ancestry controls	5,740 Han Chinese ancestry cases, 10,324 Han Chinese ancestry controls	10q22.1	10	71376162	SLC29A3, CDH23, UNC5B	SLC29A3 - CDH23	55315	64072		12772	20772	rs1417210-?	rs1417210	0	1417210	intergenic_variant	1	0.31	2E-8	7.698970004336019		1.14	[1.09-1.19]	Illumina [493909]	N
2012-11-04	22951725	Tang XF	2012-09-06	J Invest Dermatol	www.ncbi.nlm.nih.gov/pubmed/22951725	Association analyses identify three susceptibility Loci for vitiligo in the Chinese Han population.	Vitiligo	1,117 Han Chinese ancestry cases, 1,701 Han Chinese ancestry controls	5,740 Han Chinese ancestry cases, 10,324 Han Chinese ancestry controls	3q28	3	188369840	LPP	LPP			4026			rs9851967-?	rs9851967	0	9851967	intron_variant	0	0.28	9E-8	7.045757490560675		1.14	[1.09-1.19]	Illumina [493909]	N
2017-09-26	27723757	Jin Y	2016-11-01	Nat Genet	www.ncbi.nlm.nih.gov/pubmed/27723757	Genome-wide association studies of autoimmune vitiligo identify 23 new risk loci and highlight key pathways and regulatory variants.	Vitiligo	2,853 European ancestry cases and 37,405 European ancestry controls	1,827 European ancestry cases and 2,181 European ancestry controls	7p14.3	7	29092663	CPVL	CPVL			54504			rs117744081-G	rs117744081	0	117744081	missense_variant	0	0.03017	9E-26	25.045757490560675		1.837	[1.64-2.06]	Illumina [8966411] (imputed)	N
2017-09-26	27723757	Jin Y	2016-11-01	Nat Genet	www.ncbi.nlm.nih.gov/pubmed/27723757	Genome-wide association studies of autoimmune vitiligo identify 23 new risk loci and highlight key pathways and regulatory variants.	Vitiligo	2,853 European ancestry cases and 37,405 European ancestry controls	1,827 European ancestry cases and 2,181 European ancestry controls	Xp21.2	X	29719287	IL1RAPL1	IL1RAPL1			11141			rs73456411-T	rs73456411	0	73456411	intron_variant	0	0.01306	7E-10	9.154901959985743		1.769	[1.47-2.13]	Illumina [8966411] (imputed)	N
2017-09-26	27723757	Jin Y	2016-11-01	Nat Genet	www.ncbi.nlm.nih.gov/pubmed/27723757	Genome-wide association studies of autoimmune vitiligo identify 23 new risk loci and highlight key pathways and regulatory variants.	Vitiligo	2,853 European ancestry cases and 37,405 European ancestry controls	1,827 European ancestry cases and 2,181 European ancestry controls	2p16.1	2	55617974	PPP4R3B	LOC107985885			107985885			rs10200159-C	rs10200159	0	10200159	non_coding_transcript_exon_variant	0	0.05655	4E-19	18.397940008672037		1.511	[1.38-1.66]	Illumina [8966411] (imputed)	N
2017-09-26	27723757	Jin Y	2016-11-01	Nat Genet	www.ncbi.nlm.nih.gov/pubmed/27723757	Genome-wide association studies of autoimmune vitiligo identify 23 new risk loci and highlight key pathways and regulatory variants.	Vitiligo	2,853 European ancestry cases and 37,405 European ancestry controls	1,827 European ancestry cases and 2,181 European ancestry controls	1p13.2	1	113834946	PTPN22	PTPN22, AP4B1-AS1			26191, 100287722			rs2476601-A	rs2476601	0	2476601	missense_variant	0	0.09951	1E-18	18.0		1.383	[1.29-1.49]	Illumina [8966411] (imputed)	N
2017-09-26	27723757	Jin Y	2016-11-01	Nat Genet	www.ncbi.nlm.nih.gov/pubmed/27723757	Genome-wide association studies of autoimmune vitiligo identify 23 new risk loci and highlight key pathways and regulatory variants.	Vitiligo	2,853 European ancestry cases and 37,405 European ancestry controls	1,827 European ancestry cases and 2,181 European ancestry controls	15q13.1	15	28290120	OCA2, HERC2	HERC2			8924			rs1635168-A	rs1635168	0	1635168	intron_variant	0	0.06981	9E-14	13.045757490560675		1.371	[1.26-1.49]	Illumina [8966411] (imputed)	N
2017-09-26	27723757	Jin Y	2016-11-01	Nat Genet	www.ncbi.nlm.nih.gov/pubmed/27723757	Genome-wide association studies of autoimmune vitiligo identify 23 new risk loci and highlight key pathways and regulatory variants.	Vitiligo	2,853 European ancestry cases and 37,405 European ancestry controls	1,827 European ancestry cases and 2,181 European ancestry controls	21q22.3	21	42431719	UBASH3A	UBASH3A			53347			rs12482904-A	rs12482904	0	12482904	intron_variant	0	0.2235	6E-29	28.221848749616356		1.354	[1.28-1.43]	Illumina [8966411] (imputed)	N
2017-09-26	27723757	Jin Y	2016-11-01	Nat Genet	www.ncbi.nlm.nih.gov/pubmed/27723757	Genome-wide association studies of autoimmune vitiligo identify 23 new risk loci and highlight key pathways and regulatory variants.	Vitiligo	2,853 European ancestry cases and 37,405 European ancestry controls	1,827 European ancestry cases and 2,181 European ancestry controls	11q21	11	95587644	Intergenic	LOC105369440 - LOC105369441	105369440	105369441		68652	24038	rs11021232-C	rs11021232	0	11021232	intergenic_variant	1	0.1899	2E-23	22.69897000433602		1.335	[1.26-1.41]	Illumina [8966411] (imputed)	N
2017-09-26	27723757	Jin Y	2016-11-01	Nat Genet	www.ncbi.nlm.nih.gov/pubmed/27723757	Genome-wide association studies of autoimmune vitiligo identify 23 new risk loci and highlight key pathways and regulatory variants.	Vitiligo	2,853 European ancestry cases and 37,405 European ancestry controls	1,827 European ancestry cases and 2,181 European ancestry controls	12q13.2	12	56013288	IKZF4	IKZF4, LOC105369781			64375, 105369781			rs2017445-A	rs2017445	0	2017445	intron_variant	0	0.3311	7E-31	30.154901959985743		1.333	[1.27-1.40]	Illumina [8966411] (imputed)	N
2017-09-26	27723757	Jin Y	2016-11-01	Nat Genet	www.ncbi.nlm.nih.gov/pubmed/27723757	Genome-wide association studies of autoimmune vitiligo identify 23 new risk loci and highlight key pathways and regulatory variants.	Vitiligo	2,853 European ancestry cases and 37,405 European ancestry controls	1,827 European ancestry cases and 2,181 European ancestry controls	1q24.3	1	172746562	FASLG	FASLG - SLC25A38P1	356	441915		79689	1690	rs78037977-G	rs78037977	0	78037977	upstream_gene_variant	1	0.1316	7E-17	16.154901959985743		1.322	[1.24-1.41]	Illumina [8966411] (imputed)	N
2017-09-26	27723757	Jin Y	2016-11-01	Nat Genet	www.ncbi.nlm.nih.gov/pubmed/27723757	Genome-wide association studies of autoimmune vitiligo identify 23 new risk loci and highlight key pathways and regulatory variants.	Vitiligo	2,853 European ancestry cases and 37,405 European ancestry controls	1,827 European ancestry cases and 2,181 European ancestry controls	22q12.3	22	37185445	C1QTNF6	C1QTNF6			114904			rs229527-A	rs229527	0	229527	missense_variant	0	0.429	1E-30	30.0		1.32	[1.26-1.38]	Illumina [8966411] (imputed)	N
2017-09-26	27723757	Jin Y	2016-11-01	Nat Genet	www.ncbi.nlm.nih.gov/pubmed/27723757	Genome-wide association studies of autoimmune vitiligo identify 23 new risk loci and highlight key pathways and regulatory variants.	Vitiligo	2,853 European ancestry cases and 37,405 European ancestry controls	1,827 European ancestry cases and 2,181 European ancestry controls	3q28	3	188371466	LPP	LPP			4026			rs13076312-T	rs13076312	0	13076312	intron_variant	0	0.4579	2E-30	29.69897000433602		1.319	[1.26-1.38]	Illumina [8966411] (imputed)	N
2017-09-26	27723757	Jin Y	2016-11-01	Nat Genet	www.ncbi.nlm.nih.gov/pubmed/27723757	Genome-wide association studies of autoimmune vitiligo identify 23 new risk loci and highlight key pathways and regulatory variants.	Vitiligo	2,853 European ancestry cases and 37,405 European ancestry controls	1,827 European ancestry cases and 2,181 European ancestry controls	3q13.33	3	119564621	CD80, ADPRH	LOC107986118 - ADPRH	107986118	141		2349	14812	rs148136154-C	rs148136154	1	60920700	intergenic_variant	1	0.8799	5E-15	14.301029995663981		1.308	[1.22-1.40]	Illumina [8966411] (imputed)	N
2017-09-26	27723757	Jin Y	2016-11-01	Nat Genet	www.ncbi.nlm.nih.gov/pubmed/27723757	Genome-wide association studies of autoimmune vitiligo identify 23 new risk loci and highlight key pathways and regulatory variants.	Vitiligo	2,853 European ancestry cases and 37,405 European ancestry controls	1,827 European ancestry cases and 2,181 European ancestry controls	6q15	6	90267049	BACH2	BACH2			60468			rs72928038-A	rs72928038	0	72928038	intron_variant	0	0.1706	1E-14	14.0		1.268	[1.19-1.35]	Illumina [8966411] (imputed)	N
2017-09-26	27723757	Jin Y	2016-11-01	Nat Genet	www.ncbi.nlm.nih.gov/pubmed/27723757	Genome-wide association studies of autoimmune vitiligo identify 23 new risk loci and highlight key pathways and regulatory variants.	Vitiligo	2,853 European ancestry cases and 37,405 European ancestry controls	1,827 European ancestry cases and 2,181 European ancestry controls	14q12	14	24632954	GZMB	GZMB			3002			rs8192917-C	rs8192917	0	8192917	missense_variant	0	0.2374	9E-16	15.045757490560675		1.247	[1.18-1.32]	Illumina [8966411] (imputed)	N
2017-09-26	27723757	Jin Y	2016-11-01	Nat Genet	www.ncbi.nlm.nih.gov/pubmed/27723757	Genome-wide association studies of autoimmune vitiligo identify 23 new risk loci and highlight key pathways and regulatory variants.	Vitiligo	2,853 European ancestry cases and 37,405 European ancestry controls	1,827 European ancestry cases and 2,181 European ancestry controls	11p13	11	35253282	CD44, SLC1A2	SLC1A2			6506			rs1043101-G	rs1043101	0	1043101	3_prime_UTR_variant	0	0.4042	5E-18	17.30102999566398		1.234	[1.18-1.29]	Illumina [8966411] (imputed)	N
2017-09-26	27723757	Jin Y	2016-11-01	Nat Genet	www.ncbi.nlm.nih.gov/pubmed/27723757	Genome-wide association studies of autoimmune vitiligo identify 23 new risk loci and highlight key pathways and regulatory variants.	Vitiligo	2,853 European ancestry cases and 37,405 European ancestry controls	1,827 European ancestry cases and 2,181 European ancestry controls	17q21.2	17	42136994	KAT2A, HSPB9, RAB5C	RAB5C			5878			rs11079035-A	rs11079035	0	11079035	intron_variant	0	0.1725	7E-10	9.154901959985743		1.209	[1.14-1.29]	Illumina [8966411] (imputed)	N
2017-09-26	27723757	Jin Y	2016-11-01	Nat Genet	www.ncbi.nlm.nih.gov/pubmed/27723757	Genome-wide association studies of autoimmune vitiligo identify 23 new risk loci and highlight key pathways and regulatory variants.	Vitiligo	2,853 European ancestry cases and 37,405 European ancestry controls	1,827 European ancestry cases and 2,181 European ancestry controls	1p36.23	1	8424763	RERE	LOC102724552, RERE			102724552, 473			rs301807-A	rs301807	0	301807	intron_variant	0	0.4473	4E-15	14.397940008672037		1.209	[1.15-1.27]	Illumina [8966411] (imputed)	N
2017-09-26	27723757	Jin Y	2016-11-01	Nat Genet	www.ncbi.nlm.nih.gov/pubmed/27723757	Genome-wide association studies of autoimmune vitiligo identify 23 new risk loci and highlight key pathways and regulatory variants.	Vitiligo	2,853 European ancestry cases and 37,405 European ancestry controls	1,827 European ancestry cases and 2,181 European ancestry controls	19p13.3	19	4831866	TICAM1	TICAM1 - PLIN3	148022	10226		124	6468	rs4807000-A	rs4807000	0	4807000	upstream_gene_variant	1	0.3959	2E-14	13.698970004336019		1.205	[1.15-1.26]	Illumina [8966411] (imputed)	N
2017-09-26	27723757	Jin Y	2016-11-01	Nat Genet	www.ncbi.nlm.nih.gov/pubmed/27723757	Genome-wide association studies of autoimmune vitiligo identify 23 new risk loci and highlight key pathways and regulatory variants.	Vitiligo	2,853 European ancestry cases and 37,405 European ancestry controls	1,827 European ancestry cases and 2,181 European ancestry controls	18q21.33	18	62361422	TNFRSF11A	TNFRSF11A			8792			rs8083511-C	rs8083511	0	8083511	intron_variant	0	0.1862	3E-10	9.522878745280337		1.205	[1.14-1.28]	Illumina [8966411] (imputed)	N
2017-09-26	27723757	Jin Y	2016-11-01	Nat Genet	www.ncbi.nlm.nih.gov/pubmed/27723757	Genome-wide association studies of autoimmune vitiligo identify 23 new risk loci and highlight key pathways and regulatory variants.	Vitiligo	2,853 European ancestry cases and 37,405 European ancestry controls	1,827 European ancestry cases and 2,181 European ancestry controls	8q24.22	8	132918810	WISP1, TG, SLA	TG			7038			rs2687812-A	rs2687812	0	2687812	intron_variant	0	0.4775	2E-13	12.698970004336019		1.194	[1.14-1.25]	Illumina [8966411] (imputed)	N
2017-09-26	27723757	Jin Y	2016-11-01	Nat Genet	www.ncbi.nlm.nih.gov/pubmed/27723757	Genome-wide association studies of autoimmune vitiligo identify 23 new risk loci and highlight key pathways and regulatory variants.	Vitiligo	2,853 European ancestry cases and 37,405 European ancestry controls	1,827 European ancestry cases and 2,181 European ancestry controls	10q21.2	10	62020112	ARID5B	ARID5B			84159			rs71508903-T	rs71508903	0	71508903	intron_variant	0	0.1997	7E-9	8.154901959985743		1.183	[1.12-1.25]	Illumina [8966411] (imputed)	N
2017-09-26	27723757	Jin Y	2016-11-01	Nat Genet	www.ncbi.nlm.nih.gov/pubmed/27723757	Genome-wide association studies of autoimmune vitiligo identify 23 new risk loci and highlight key pathways and regulatory variants.	Vitiligo	2,853 European ancestry cases and 37,405 European ancestry controls	1,827 European ancestry cases and 2,181 European ancestry controls	4p14	4	40305547	LOC101060498	RHOH - LOC101060498	399	101060498		60783	1638	rs13136820-?	rs13136820	0	13136820	regulatory_region_variant	1	NR	4E-11	10.397940008672037		1.182	NR	Illumina [8966411] (imputed)	N
2017-09-26	27723757	Jin Y	2016-11-01	Nat Genet	www.ncbi.nlm.nih.gov/pubmed/27723757	Genome-wide association studies of autoimmune vitiligo identify 23 new risk loci and highlight key pathways and regulatory variants.	Vitiligo	2,853 European ancestry cases and 37,405 European ancestry controls	1,827 European ancestry cases and 2,181 European ancestry controls	2q33.2	2	203875952	CTLA4	CTLA4 - LOC101927840	1493	101927840		1992	56363	rs231725-A	rs231725	0	231725	downstream_gene_variant	1	0.3303	1E-10	10.0		1.176	[1.12-1.24]	Illumina [8966411] (imputed)	N
2017-09-26	27723757	Jin Y	2016-11-01	Nat Genet	www.ncbi.nlm.nih.gov/pubmed/27723757	Genome-wide association studies of autoimmune vitiligo identify 23 new risk loci and highlight key pathways and regulatory variants.	Vitiligo	2,853 European ancestry cases and 37,405 European ancestry controls	1,827 European ancestry cases and 2,181 European ancestry controls	13q14.11	13	42496070	TNFSF11	LOC105370177 - TNFSF11	105370177	8600		10114	66666	rs35860234-G	rs35860234	0	35860234	intergenic_variant	1	0.2707	5E-9	8.301029995663981		1.168	[1.11-1.23]	Illumina [8966411] (imputed)	N
2017-09-26	27723757	Jin Y	2016-11-01	Nat Genet	www.ncbi.nlm.nih.gov/pubmed/27723757	Genome-wide association studies of autoimmune vitiligo identify 23 new risk loci and highlight key pathways and regulatory variants.	Vitiligo	2,853 European ancestry cases and 37,405 European ancestry controls	1,827 European ancestry cases and 2,181 European ancestry controls	2q32.2	2	191090480	STAT4	STAT4			6775			rs199559999-?	rs199559999	0	199559999	intron_variant	0	NR	3E-7	6.522878745280337		1.158	NR	Illumina [8966411] (imputed)	N
2017-09-26	27723757	Jin Y	2016-11-01	Nat Genet	www.ncbi.nlm.nih.gov/pubmed/27723757	Genome-wide association studies of autoimmune vitiligo identify 23 new risk loci and highlight key pathways and regulatory variants.	Vitiligo	2,853 European ancestry cases and 37,405 European ancestry controls	1,827 European ancestry cases and 2,181 European ancestry controls	5q32	5	149816671	PPARGC1B	PPARGC1B			133522			rs251464-?	rs251464	0	251464	intron_variant	0	NR	8E-8	7.096910013008056		1.155	NR	Illumina [8966411] (imputed)	N
2017-09-26	27723757	Jin Y	2016-11-01	Nat Genet	www.ncbi.nlm.nih.gov/pubmed/27723757	Genome-wide association studies of autoimmune vitiligo identify 23 new risk loci and highlight key pathways and regulatory variants.	Vitiligo	2,853 European ancestry cases and 37,405 European ancestry controls	1,827 European ancestry cases and 2,181 European ancestry controls	2q13	2	111252909	BCL2L11, MIR5535, 2HG	MIR4435-1HG			541471			rs4308124-C	rs4308124	0	4308124	intron_variant	0	0.4065	4E-9	8.397940008672037		1.154	[1.10-1.21]	Illumina [8966411] (imputed)	N
2017-09-26	27723757	Jin Y	2016-11-01	Nat Genet	www.ncbi.nlm.nih.gov/pubmed/27723757	Genome-wide association studies of autoimmune vitiligo identify 23 new risk loci and highlight key pathways and regulatory variants.	Vitiligo	2,853 European ancestry cases and 37,405 European ancestry controls	1,827 European ancestry cases and 2,181 European ancestry controls	16q24.3	16	88976453	CBFA2T3	CBFA2T3			863			rs7188793-?	rs7188793	0	7188793	intron_variant	0	NR	5E-8	7.301029995663981		1.153	NR	Illumina [8966411] (imputed)	N
2017-09-26	27723757	Jin Y	2016-11-01	Nat Genet	www.ncbi.nlm.nih.gov/pubmed/27723757	Genome-wide association studies of autoimmune vitiligo identify 23 new risk loci and highlight key pathways and regulatory variants.	Vitiligo	2,853 European ancestry cases and 37,405 European ancestry controls	1,827 European ancestry cases and 2,181 European ancestry controls	9q33.3	9	124309214	NEK6	NEK6			10783			rs10986311-C	rs10986311	0	10986311	intron_variant	0	0.3677	1E-8	8.0		1.152	[1.10-1.21]	Illumina [8966411] (imputed)	N
2017-09-26	27723757	Jin Y	2016-11-01	Nat Genet	www.ncbi.nlm.nih.gov/pubmed/27723757	Genome-wide association studies of autoimmune vitiligo identify 23 new risk loci and highlight key pathways and regulatory variants.	Vitiligo	2,853 European ancestry cases and 37,405 European ancestry controls	1,827 European ancestry cases and 2,181 European ancestry controls	20q13.13	20	50506506	PTPN1	COX6CP2 - PTPN1	170504	5770		26401	3815	rs6012953-G	rs6012953	0	6012953	upstream_gene_variant	1	0.4765	9E-9	8.045757490560675		1.148	[1.10-1.20]	Illumina [8966411] (imputed)	N
2017-09-26	27723757	Jin Y	2016-11-01	Nat Genet	www.ncbi.nlm.nih.gov/pubmed/27723757	Genome-wide association studies of autoimmune vitiligo identify 23 new risk loci and highlight key pathways and regulatory variants.	Vitiligo	2,853 European ancestry cases and 37,405 European ancestry controls	1,827 European ancestry cases and 2,181 European ancestry controls	11q24.3	11	128762660	FLI1	FLI1			2313			rs561079-?	rs561079	0	561079	intron_variant	0	NR	4E-8	7.3979400086720375		1.144	NR	Illumina [8966411] (imputed)	N
2017-09-26	27723757	Jin Y	2016-11-01	Nat Genet	www.ncbi.nlm.nih.gov/pubmed/27723757	Genome-wide association studies of autoimmune vitiligo identify 23 new risk loci and highlight key pathways and regulatory variants.	Vitiligo	2,853 European ancestry cases and 37,405 European ancestry controls	1,827 European ancestry cases and 2,181 European ancestry controls	7q34	7	140058921	PARP12	PARP12			64761			rs10155912-?	rs10155912	0	10155912	intron_variant	0	NR	1E-7	7.0		1.14	NR	Illumina [8966411] (imputed)	N
2017-09-26	27723757	Jin Y	2016-11-01	Nat Genet	www.ncbi.nlm.nih.gov/pubmed/27723757	Genome-wide association studies of autoimmune vitiligo identify 23 new risk loci and highlight key pathways and regulatory variants.	Vitiligo	2,853 European ancestry cases and 37,405 European ancestry controls	1,827 European ancestry cases and 2,181 European ancestry controls	17q25.3	17	78170115	AFMID	SYNGR2			9144			rs870355-?	rs870355	0	870355	non_coding_transcript_exon_variant	0	NR	2E-6	5.698970004336019		1.123	NR	Illumina [8966411] (imputed)	N
2017-09-26	27723757	Jin Y	2016-11-01	Nat Genet	www.ncbi.nlm.nih.gov/pubmed/27723757	Genome-wide association studies of autoimmune vitiligo identify 23 new risk loci and highlight key pathways and regulatory variants.	Vitiligo	2,853 European ancestry cases and 37,405 European ancestry controls	1,827 European ancestry cases and 2,181 European ancestry controls	7p12.2	7	50151757	c7orf72	C7orf72			100130988			rs10250629-?	rs10250629	0	10250629	intron_variant	0	NR	2E-7	6.698970004336019		1.1363636	NR	Illumina [8966411] (imputed)	N
2017-09-26	27723757	Jin Y	2016-11-01	Nat Genet	www.ncbi.nlm.nih.gov/pubmed/27723757	Genome-wide association studies of autoimmune vitiligo identify 23 new risk loci and highlight key pathways and regulatory variants.	Vitiligo	2,853 European ancestry cases and 37,405 European ancestry controls	1,827 European ancestry cases and 2,181 European ancestry controls	3p24.3	3	23470822	UBE2E2	UBE2E2			7325			rs35161626-?	rs35161626	0	35161626	intron_variant	0	NR	3E-8	7.522878745280337		1.1436414	[1.09-1.2]	Illumina [8966411] (imputed)	N
2017-09-26	27723757	Jin Y	2016-11-01	Nat Genet	www.ncbi.nlm.nih.gov/pubmed/27723757	Genome-wide association studies of autoimmune vitiligo identify 23 new risk loci and highlight key pathways and regulatory variants.	Vitiligo	2,853 European ancestry cases and 37,405 European ancestry controls	1,827 European ancestry cases and 2,181 European ancestry controls	3q29	3	196620382	FBXO45, NRROS	FBXO45 - LINC01063	200933	101929769		31323	11122	rs6583331-T	rs6583331	0	6583331	regulatory_region_variant	1	0.5467	3E-8	7.522878745280337		1.1449507	[1.09-1.2]	Illumina [8966411] (imputed)	N
2017-09-26	27723757	Jin Y	2016-11-01	Nat Genet	www.ncbi.nlm.nih.gov/pubmed/27723757	Genome-wide association studies of autoimmune vitiligo identify 23 new risk loci and highlight key pathways and regulatory variants.	Vitiligo	2,853 European ancestry cases and 37,405 European ancestry controls	1,827 European ancestry cases and 2,181 European ancestry controls	4q24	4	101302229	PPP3CA	PPP3CA			5530			rs1031034-C	rs1031034	0	1031034	intron_variant	0	0.7236	3E-8	7.522878745280337		1.1645511	[1.1-1.23]	Illumina [8966411] (imputed)	N
2017-09-26	27723757	Jin Y	2016-11-01	Nat Genet	www.ncbi.nlm.nih.gov/pubmed/27723757	Genome-wide association studies of autoimmune vitiligo identify 23 new risk loci and highlight key pathways and regulatory variants.	Vitiligo	2,853 European ancestry cases and 37,405 European ancestry controls	1,827 European ancestry cases and 2,181 European ancestry controls	Xp11.23	X	49628118	CCDC22, FOXP3, GAGE	GAGE1 - VDAC1P2	2543	10064		19582	3517	rs5952553-T	rs5952553	0	5952553	downstream_gene_variant	1	0.5941	1E-9	9.0		1.1648223	[1.11-1.22]	Illumina [8966411] (imputed)	N
2017-09-26	27723757	Jin Y	2016-11-01	Nat Genet	www.ncbi.nlm.nih.gov/pubmed/27723757	Genome-wide association studies of autoimmune vitiligo identify 23 new risk loci and highlight key pathways and regulatory variants.	Vitiligo	2,853 European ancestry cases and 37,405 European ancestry controls	1,827 European ancestry cases and 2,181 European ancestry controls	19q13.33	19	49665614	SCAF1, IRF3, BCL2L12	BCL2L12, IRF3			83596, 3661			rs2304206-G	rs2304206	0	2304206	5_prime_UTR_variant	0	0.7521	2E-9	8.698970004336019		1.1870846	[1.12-1.25]	Illumina [8966411] (imputed)	N
2017-09-26	27723757	Jin Y	2016-11-01	Nat Genet	www.ncbi.nlm.nih.gov/pubmed/27723757	Genome-wide association studies of autoimmune vitiligo identify 23 new risk loci and highlight key pathways and regulatory variants.	Vitiligo	2,853 European ancestry cases and 37,405 European ancestry controls	1,827 European ancestry cases and 2,181 European ancestry controls	11q12.2	11	61828092	FADS2	FADS2			9415			rs968567-?	rs968567	0	968567	5_prime_UTR_variant	0	NR	1E-7	7.0		1.1970314	NR	Illumina [8966411] (imputed)	N
2017-09-26	27723757	Jin Y	2016-11-01	Nat Genet	www.ncbi.nlm.nih.gov/pubmed/27723757	Genome-wide association studies of autoimmune vitiligo identify 23 new risk loci and highlight key pathways and regulatory variants.	Vitiligo	2,853 European ancestry cases and 37,405 European ancestry controls	1,827 European ancestry cases and 2,181 European ancestry controls	1q32.1	1	198703170	PTPRC	PTPRC			5788			rs16843742-T	rs16843742	0	16843742	intron_variant	0	0.77	1E-9	9.0		1.199904	[1.14-1.27]	Illumina [8966411] (imputed)	N
2017-09-26	27723757	Jin Y	2016-11-01	Nat Genet	www.ncbi.nlm.nih.gov/pubmed/27723757	Genome-wide association studies of autoimmune vitiligo identify 23 new risk loci and highlight key pathways and regulatory variants.	Vitiligo	2,853 European ancestry cases and 37,405 European ancestry controls	1,827 European ancestry cases and 2,181 European ancestry controls	10q25.3	10	113728572	CASP7	CASP7			840			rs12771452-G	rs12771452	0	12771452	intron_variant	0	0.74	4E-12	11.397940008672037		1.2183236	[1.15-1.28]	Illumina [8966411] (imputed)	N
2017-09-26	27723757	Jin Y	2016-11-01	Nat Genet	www.ncbi.nlm.nih.gov/pubmed/27723757	Genome-wide association studies of autoimmune vitiligo identify 23 new risk loci and highlight key pathways and regulatory variants.	Vitiligo	2,853 European ancestry cases and 37,405 European ancestry controls	1,827 European ancestry cases and 2,181 European ancestry controls	3p13	3	71508794	FOXP1	FOXP1			27086			rs34346645-C	rs34346645	0	34346645	intron_variant	0	0.5803	8E-19	18.096910013008056		1.2462612	[1.19-1.32]	Illumina [8966411] (imputed)	N
2017-09-26	27723757	Jin Y	2016-11-01	Nat Genet	www.ncbi.nlm.nih.gov/pubmed/27723757	Genome-wide association studies of autoimmune vitiligo identify 23 new risk loci and highlight key pathways and regulatory variants.	Vitiligo	2,853 European ancestry cases and 37,405 European ancestry controls	1,827 European ancestry cases and 2,181 European ancestry controls	2q37.3	2	241468173	FARP2, STK25	FARP2			9855			rs41342147-G	rs41342147	0	41342147	missense_variant	0	0.8734	4E-9	8.397940008672037		1.2545477	[1.16-1.35]	Illumina [8966411] (imputed)	N
2017-09-26	27723757	Jin Y	2016-11-01	Nat Genet	www.ncbi.nlm.nih.gov/pubmed/27723757	Genome-wide association studies of autoimmune vitiligo identify 23 new risk loci and highlight key pathways and regulatory variants.	Vitiligo	2,853 European ancestry cases and 37,405 European ancestry controls	1,827 European ancestry cases and 2,181 European ancestry controls	6q27	6	166956742	RNASET2, FGFR1OP, CCR6	RNASET2 - LOC105378120	8635	105378120		153	11297	rs2247314-T	rs2247314	0	2247314	intron_variant	1	0.6658	2E-18	17.69897000433602		1.2597632	[1.19-1.33]	Illumina [8966411] (imputed)	N
2017-09-26	27723757	Jin Y	2016-11-01	Nat Genet	www.ncbi.nlm.nih.gov/pubmed/27723757	Genome-wide association studies of autoimmune vitiligo identify 23 new risk loci and highlight key pathways and regulatory variants.	Vitiligo	2,853 European ancestry cases and 37,405 European ancestry controls	1,827 European ancestry cases and 2,181 European ancestry controls	6p25.2	6	2908357	SERPINB9	SERPINB9 - LOC105374887	5272	105374887		5039	32000	rs78521699-A	rs78521699	0	78521699	downstream_gene_variant	1	0.8957	3E-8	7.522878745280337		1.2627857	[1.16-1.37]	Illumina [8966411] (imputed)	N
2017-09-26	27723757	Jin Y	2016-11-01	Nat Genet	www.ncbi.nlm.nih.gov/pubmed/27723757	Genome-wide association studies of autoimmune vitiligo identify 23 new risk loci and highlight key pathways and regulatory variants.	Vitiligo	2,853 European ancestry cases and 37,405 European ancestry controls	1,827 European ancestry cases and 2,181 European ancestry controls	6p25.3	6	396321	IRF4	IRF4			3662			rs12203592-C	rs12203592	0	12203592	intron_variant	0	0.8632	3E-10	9.522878745280337		1.2629452	[1.25-1.43]	Illumina [8966411] (imputed)	N
2017-09-26	27723757	Jin Y	2016-11-01	Nat Genet	www.ncbi.nlm.nih.gov/pubmed/27723757	Genome-wide association studies of autoimmune vitiligo identify 23 new risk loci and highlight key pathways and regulatory variants.	Vitiligo	2,853 European ancestry cases and 37,405 European ancestry controls	1,827 European ancestry cases and 2,181 European ancestry controls	22q13.2	22	41371482	ZC3H7B, TEF	TEF			7008			rs9611565-T	rs9611565	0	9611565	intron_variant	0	0.7611	3E-15	14.522878745280337		1.2637432	[1.19-1.33]	Illumina [8966411] (imputed)	N
2017-09-26	27723757	Jin Y	2016-11-01	Nat Genet	www.ncbi.nlm.nih.gov/pubmed/27723757	Genome-wide association studies of autoimmune vitiligo identify 23 new risk loci and highlight key pathways and regulatory variants.	Vitiligo	2,853 European ancestry cases and 37,405 European ancestry controls	1,827 European ancestry cases and 2,181 European ancestry controls	12q24.12	12	111395984	SH2B3, ATXN2	HSPA8P14 - LOC105369984	642580	105369984		10304	846	rs10774624-G	rs10774624	0	10774624	intron_variant	1	0.5048	6E-23	22.221848749616356		1.2693577	[1.2-1.33]	Illumina [8966411] (imputed)	N
2017-09-26	27723757	Jin Y	2016-11-01	Nat Genet	www.ncbi.nlm.nih.gov/pubmed/27723757	Genome-wide association studies of autoimmune vitiligo identify 23 new risk loci and highlight key pathways and regulatory variants.	Vitiligo	2,853 European ancestry cases and 37,405 European ancestry controls	1,827 European ancestry cases and 2,181 European ancestry controls	2q24.2	2	162254026	IFIH1	LOC105373724 - IFIH1	105373724	64135		3758	13053	rs2111485-G	rs2111485	0	2111485	intergenic_variant	1	0.6096	6E-25	24.221848749616356		1.2976902	[1.23-1.37]	Illumina [8966411] (imputed)	N
2017-09-26	27723757	Jin Y	2016-11-01	Nat Genet	www.ncbi.nlm.nih.gov/pubmed/27723757	Genome-wide association studies of autoimmune vitiligo identify 23 new risk loci and highlight key pathways and regulatory variants.	Vitiligo	2,853 European ancestry cases and 37,405 European ancestry controls	1,827 European ancestry cases and 2,181 European ancestry controls	10p15.1	10	6056861	IL2RA	IL2RA			3559			rs706779-T	rs706779	0	706779	intron_variant	0	0.535	7E-27	26.154901959985743		1.29887	[1.23-1.37]	Illumina [8966411] (imputed)	N
2017-09-26	27723757	Jin Y	2016-11-01	Nat Genet	www.ncbi.nlm.nih.gov/pubmed/27723757	Genome-wide association studies of autoimmune vitiligo identify 23 new risk loci and highlight key pathways and regulatory variants.	Vitiligo	2,853 European ancestry cases and 37,405 European ancestry controls	1,827 European ancestry cases and 2,181 European ancestry controls	16q24.3	16	89960104	MC1R	DEF8			54849			rs4268748-T	rs4268748	0	4268748	intron_variant	0	0.7294	3E-33	32.52287874528034		1.4130281	[1.33-1.49]	Illumina [8966411] (imputed)	N
2017-09-26	27723757	Jin Y	2016-11-01	Nat Genet	www.ncbi.nlm.nih.gov/pubmed/27723757	Genome-wide association studies of autoimmune vitiligo identify 23 new risk loci and highlight key pathways and regulatory variants.	Vitiligo	2,853 European ancestry cases and 37,405 European ancestry controls	1,827 European ancestry cases and 2,181 European ancestry controls	11q14.3	11	89284793	TYR	LOC107984363, TYR			107984363, 7299			rs1126809-G	rs1126809	0	1126809	missense_variant	0	0.7311	1E-43	43.0		1.497006	[1.41-1.59]	Illumina [8966411] (imputed)	N
2017-09-26	27723757	Jin Y	2016-11-01	Nat Genet	www.ncbi.nlm.nih.gov/pubmed/27723757	Genome-wide association studies of autoimmune vitiligo identify 23 new risk loci and highlight key pathways and regulatory variants.	Vitiligo	2,853 European ancestry cases and 37,405 European ancestry controls	1,827 European ancestry cases and 2,181 European ancestry controls	20q11.22	20	34077942	RALY, EIF252, ASIP, AHCY, ITCH	RALY			22913			rs6059655-G	rs6059655	0	6059655	intron_variant	0	0.92678	1E-19	19.0		1.6321203	[1.47-1.82]	Illumina [8966411] (imputed)	N
2010-05-18	20410501	Jin Y	2010-04-21	N Engl J Med	www.ncbi.nlm.nih.gov/pubmed/20410501	Variant of TYR and autoimmunity susceptibility loci in generalized vitiligo.	Vitiligo	1,392 European ancestry cases, 2,629 European ancestry controls	647 European ancestry cases, 1,056 European ancestry controls, 183 European ancestry trios, 1,383 European ancestry individuals from 332 families	6p22.1	6	29974306	HLA-A, HCG9	MICD			4279			rs3823355-T	rs3823355	0	3823355	intron_variant	0	0.29	9E-23	22.045757490560675		1.5	[1.39-1.63]	Illumina [520460]	N
2010-05-18	20410501	Jin Y	2010-04-21	N Engl J Med	www.ncbi.nlm.nih.gov/pubmed/20410501	Variant of TYR and autoimmunity susceptibility loci in generalized vitiligo.	Vitiligo	1,392 European ancestry cases, 2,629 European ancestry controls	647 European ancestry cases, 1,056 European ancestry controls, 183 European ancestry trios, 1,383 European ancestry individuals from 332 families	6p21.32	6	32405921	HLA-DRA, BTNL2, HLA-DQA1	LOC101929163, BTNL2			101929163, 56244			rs3806156-T	rs3806156	0	3806156	intron_variant	0	0.37	7E-19	18.154901959985743		1.42	[1.32-1.54]	Illumina [520460]	N
2010-06-22	20526339	Quan C	2010-06-06	Nat Genet	www.ncbi.nlm.nih.gov/pubmed/20526339	Genome-wide association study for vitiligo identifies susceptibility loci at 6q27 and the MHC.	Vitiligo	1,117 Han Chinese ancestry cases, 1,429 Han Chinese ancestry controls	6,623 East Asian ancestry cases, 10,740 East Asian ancestry controls	6p21.33	6	31869289	HLA-C, HLA-B	SLC44A4			80736			rs11966200-A	rs11966200	0	11966200	intron_variant	0	0.06	1E-48	48.0		1.9	[1.74-2.07]	Illumina [493909]	N
2017-09-26	27723757	Jin Y	2016-11-01	Nat Genet	www.ncbi.nlm.nih.gov/pubmed/27723757	Genome-wide association studies of autoimmune vitiligo identify 23 new risk loci and highlight key pathways and regulatory variants.	Vitiligo	2,853 European ancestry cases and 37,405 European ancestry controls	1,827 European ancestry cases and 2,181 European ancestry controls	6p22.1	6	29969559	HLA-A	HLA-W - MICD	352966	4279		10501	813	rs60131261-?	rs60131261	0	60131261	intron_variant	1	NR	2E-66	65.69897000433602		1.535	NR	Illumina [8966411] (imputed)	N
2017-09-26	27723757	Jin Y	2016-11-01	Nat Genet	www.ncbi.nlm.nih.gov/pubmed/27723757	Genome-wide association studies of autoimmune vitiligo identify 23 new risk loci and highlight key pathways and regulatory variants.	Vitiligo	2,853 European ancestry cases and 37,405 European ancestry controls	1,827 European ancestry cases and 2,181 European ancestry controls	11q13.1	11	64254133	PPP1R14B, PLCB3, BAD, GPR137, KCNK4, TEX40, ESRRA, TRMT112, PRDX5	PLCB3			5331			rs12421615-G	rs12421615	0	12421615	intron_variant	0	0.6461	5E-8	7.301029995663981		1.1498218	[1.1-1.2]	Illumina [8966411] (imputed)	N
2017-09-26	27723757	Jin Y	2016-11-01	Nat Genet	www.ncbi.nlm.nih.gov/pubmed/27723757	Genome-wide association studies of autoimmune vitiligo identify 23 new risk loci and highlight key pathways and regulatory variants.	Vitiligo	2,853 European ancestry cases and 37,405 European ancestry controls	1,827 European ancestry cases and 2,181 European ancestry controls	6p21.32	6	32623514	HLA-DRB1, HLA-DQA1	HLA-DRB1 - LOC107986589	3123	107986589		33678	13674	rs9271597-A	rs9271597	0	9271597	upstream_gene_variant	1	0.4269	3E-89	88.52287874528034		1.772	NR	Illumina [8966411] (imputed)	N
